{
    "coords": {
        "spawn1": {
            "name": "新手出生点",
            "icon": "出生点",
            "tag": "Точка респауна",
            "x": 322,
            "y": 3239
        },
        "spawn2": {
            "name": "海岸路出生点",
            "icon": "出生点",
            "tag": "Точка респауна",
            "x": 822,
            "y": 3930
        },
        "spawn3": {
            "name": "内陆出生点",
            "icon": "出生点",
            "tag": "Точка респауна",
            "x": 1325,
            "y": 3581
        },
        "spawn4": {
            "name": "西路出生点",
            "icon": "出生点",
            "tag": "Точка респауна",
            "x": 1494,
            "y": 684
        },
        "spawn5": {
            "name": "哈德逊城出生点",
            "icon": "出生点",
            "tag": "Точка респауна",
            "x": 2513.5,
            "y": 1846.5
        },
        "武器店1": {
            "name": "武器店",
            "icon": "武器店",
            "tag": "武器店",
            "x": 1466,
            "y": 2654.75
        },
        "武器店2": {
            "name": "武器店",
            "icon": "武器店",
            "tag": "武器店",
            "x": 242.25,
            "y": 678.75
        },
        "武器店3": {
            "name": "武器店",
            "icon": "武器店",
            "tag": "武器店",
            "x": 3339.25,
            "y": 2757
        },
        "武器店4": {
            "name": "武器店",
            "icon": "武器店",
            "tag": "武器店",
            "x": 463.25,
            "y": 2106.25
        },
        "autopartsstore1": {
            "name": "汽车配件商店",
            "icon": "汽车配件商店",
            "tag": "汽车配件商店",
            "x": 1355,
            "y": 2660.5
        },
        "autopartsstore2": {
            "name": "汽车配件商店",
            "icon": "汽车配件商店",
            "tag": "汽车配件商店",
            "x": 1938,
            "y": 3510
        },
        "autopartsstore3": {
            "name": "汽车配件商店",
            "icon": "汽车配件商店",
            "tag": "汽车配件商店",
            "x": 2517,
            "y": 2076.75
        },
        "autopartsstore4": {
            "name": "汽车配件商店",
            "icon": "汽车配件商店",
            "tag": "汽车配件商店",
            "x": 497.863516,
            "y": 803.765524
        },
        "autopartsstore5": {
            "name": "汽车配件商店",
            "icon": "汽车配件商店",
            "tag": "汽车配件商店",
            "x": 313,
            "y": 1941
        },
        "autopartsstore6": {
            "name": "汽车配件商店",
            "icon": "汽车配件商店",
            "tag": "汽车配件商店",
            "x": 3211,
            "y": 2766
        },
        "autopartsstore7": {
            "name": "汽车配件商店",
            "icon": "汽车配件商店",
            "tag": "汽车配件商店",
            "x": 2416,
            "y": 1452
        },
        "autopartsstore8": {
            "name": "汽车配件商店",
            "icon": "汽车配件商店",
            "tag": "汽车配件商店",
            "x": 2413.023909,
            "y": 1447.213144
        },
        "autopartsstore9": {
            "name": "汽车配件商店",
            "icon": "汽车配件商店",
            "tag": "汽车配件商店",
            "x": 1102,
            "y": 357
        },
        "hardwarestore1": {
            "name": "五金店",
            "icon": "五金店",
            "tag": "五金店",
            "x": 2409,
            "y": 1756.5
        },
        "hardwarestore2": {
            "name": "五金店",
            "icon": "五金店",
            "tag": "五金店",
            "x": 1372.75,
            "y": 805.75
        },
        "hardwarestore3": {
            "name": "五金店",
            "icon": "五金店",
            "tag": "五金店",
            "x": 245,
            "y": 736
        },
        "hardwarestore4": {
            "name": "五金店",
            "icon": "五金店",
            "tag": "五金店",
            "x": 467.5,
            "y": 2219
        },
        "hardwarestore5": {
            "name": "五金店",
            "icon": "五金店",
            "tag": "五金店",
            "x": 325.375,
            "y": 3874
        },
        "hardwarestore6": {
            "name": "五金店",
            "icon": "五金店",
            "tag": "五金店",
            "x": 1058,
            "y": 270
        },
        "钓鱼区1": {
            "name": "钓鱼区",
            "icon": "钓鱼区",
            "tag": "钓鱼区",
            "x": 225.25,
            "y": 3830.25
        
        },
        "钓鱼区3": {
            "name": "钓鱼区",
            "icon": "钓鱼区",
            "tag": "钓鱼区",
            "x": 1184,
            "y": 2466
        },
        "钓鱼区4": {
            "name": "钓鱼区",
            "icon": "钓鱼区",
            "tag": "钓鱼区",
            "x": 1079,
            "y": 2567
        },
        "钓鱼区5": {
            "name": "钓鱼区",
            "icon": "钓鱼区",
            "tag": "钓鱼区",
            "x": 764,
            "y": 2652
        },
        "钓鱼区6": {
            "name": "钓鱼区",
            "icon": "钓鱼区",
            "tag": "钓鱼区",
            "x": 668,
            "y": 2846
        },
        "钓鱼区7": {
            "name": "钓鱼区",
            "icon": "钓鱼区",
            "tag": "钓鱼区",
            "x": 265,
            "y": 3148
        },
        "钓鱼区8": {
            "name": "钓鱼区",
            "icon": "钓鱼区",
            "tag": "钓鱼区",
            "x": 3677.25,
            "y": 3609.75
        },
        "钓鱼区9": {
            "name": "钓鱼区",
            "icon": "钓鱼区",
            "tag": "钓鱼区",
            "x": 3584,
            "y": 2420
        },
        "钓鱼区10": {
            "name": "钓鱼区",
            "icon": "钓鱼区",
            "tag": "钓鱼区",
            "x": 3176,
            "y": 2500
        },
        "钓鱼区11": {
            "name": "钓鱼区",
            "icon": "钓鱼区",
            "tag": "钓鱼区",
            "x": 2964,
            "y": 2408
        },
        "钓鱼区12": {
            "name": "钓鱼区",
            "icon": "钓鱼区",
            "tag": "钓鱼区",
            "x": 2924,
            "y": 1984
        },
        "钓鱼区13": {
            "name": "钓鱼区",
            "icon": "钓鱼区",
            "tag": "钓鱼区",
            "x": 2852,
            "y": 1532
        },
        "钓鱼区14": {
            "name": "钓鱼区",
            "icon": "钓鱼区",
            "tag": "钓鱼区",
            "x": 3048,
            "y": 1264
        },
        "钓鱼区15": {
            "name": "钓鱼区",
            "icon": "钓鱼区",
            "tag": "钓鱼区",
            "x": 3398,
            "y": 988
        },
        "钓鱼区16": {
            "name": "钓鱼区",
            "icon": "钓鱼区",
            "tag": "钓鱼区",
            "x": 3926,
            "y": 2520
        },
        "钓鱼区17": {
            "name": "钓鱼区",
            "icon": "钓鱼区",
            "tag": "钓鱼区",
            "x": 3596,
            "y": 898
        },
        "钓鱼区18": {
            "name": "钓鱼区",
            "icon": "钓鱼区",
            "tag": "钓鱼区",
            "x": 3800,
            "y": 754
        },
        "钓鱼区19": {
            "name": "钓鱼区",
            "icon": "钓鱼区",
            "tag": "钓鱼区",
            "x": 72,
            "y": 646
        },
        "钓鱼区20": {
            "name": "钓鱼区",
            "icon": "钓鱼区",
            "tag": "钓鱼区",
            "x": 78,
            "y": 748
        },
        "钓鱼区21": {
            "name": "钓鱼区",
            "icon": "钓鱼区",
            "tag": "钓鱼区",
            "x": 50,
            "y": 904
        },
        "钓鱼区22": {
            "name": "钓鱼区",
            "icon": "钓鱼区",
            "tag": "钓鱼区",
            "x": 2349.25,
            "y": 2670.25
        },
        "超市1": {
            "name": "超市",
            "icon": "超市",
            "tag": "超市",
            "x": 2514.75,
            "y": 1991.25
        },
        "超市2": {
            "name": "超市",
            "icon": "超市",
            "tag": "超市",
            "x": 212.5,
            "y": 605.75
        },
        "超市3": {
            "name": "超市",
            "icon": "超市",
            "tag": "超市",
            "x": 2597.75,
            "y": 550.25
        },
       "医院1": {
            "name": "больница",
            "icon": "医院",
            "tag": "больница",
            "x": 2309,
            "y": 2046
        },
       "教堂1": {
            "name": "教堂",
            "icon": "教堂",
            "tag": "教堂",
            "x": 1162,
            "y": 451
        },
        "教堂2": {
            "name": "教堂",
            "icon": "教堂",
            "tag": "教堂",
            "x": 3562,
            "y": 2693
        },
        "教堂3": {
            "name": "教堂",
            "icon": "教堂",
            "tag": "教堂",
            "x": 1490.5,
            "y": 1604.5
        },
        "教堂4": {
            "name": "教堂",
            "icon": "教堂",
            "tag": "教堂",
            "x": 2317,
            "y": 1716
            
        },
        "监狱1": {
            "name": "监狱",
            "icon": "监狱",
            "tag": "监狱",
            "x": 3672,
            "y": 481
            
        },
        "policestation1": {
            "name": "警察局",
            "icon": "警察局",
            "tag": "警察局",
            "x": 2580,
            "y": 1745
        },
        "policestation2": {
            "name": "警察局",
            "icon": "警察局",
            "tag": "警察局",
            "x": 934,
            "y": 460
        },
        "militarybase1": {
            "name": "军事基地",
            "icon": "军事基地",
            "tag": "军事基地",
            "x": 2144.5,
            "y": 2370.5
        },
        "pumpstation1": {
            "name": "加油站",
            "icon": "加油站",
            "tag": "加油站",
            "x": 2449.5,
            "y": 2094.5
        },
        "pumpstation2": {
            "name": "加油站",
            "icon": "加油站",
            "tag": "加油站",
            "x": 342,
            "y": 1857
        },
        "pumpstation3": {
            "name": "加油站",
            "icon": "加油站",
            "tag": "加油站",
            "x": 275.25,
            "y": 3960
        },
        "pumpstation4": {
            "name": "加油站",
            "icon": "加油站",
            "tag": "加油站",
            "x": 3804.875,
            "y": 3535.5
        },
        "pumpstation5": {
            "name": "加油站",
            "icon": "加油站",
            "tag": "加油站",
            "x": 1440.5,
            "y": 2721.5
        },
        "pumpstation6": {
            "name": "加油站",
            "icon": "加油站",
            "tag": "加油站",
            "x": 3630.75,
            "y": 671.5
        },
        "pumpstation7": {
            "name": "加油站",
            "icon": "加油站",
            "tag": "加油站",
            "x": 2664.875,
            "y": 495.5
        },
        "pumpstation8": {
            "name": "加油站",
            "icon": "加油站",
            "tag": "加油站",
            "x": 641,
            "y": 1138.75
        },
        "pumpstation9": {
            "name": "加油站",
            "icon": "加油站",
            "tag": "加油站",
            "x": 942,
            "y": 446
        },
        "pumpstation10": {
            "name": "加油站",
            "icon": "加油站",
            "tag": "加油站",
            "x": 298,
            "y": 714
        },
        "pumpstation11": {
            "name": "加油站",
            "icon": "加油站",
            "tag": "加油站",
            "x": 2399.5,
            "y": 1483.5
        },
        "pumpstation12": {
            "name": "加油站",
            "icon": "加油站",
            "tag": "加油站",
            "x": 2400.514355,
            "y": 1483.590672
        },
        "pumpstation13": {
            "name": "加油站",
            "icon": "加油站",
            "tag": "加油站",
            "x": 1100,
            "y": 456
        },
        "pumpstation14": {
            "name": "加油站",
            "icon": "加油站",
            "tag": "加油站",
            "x": 300.5,
            "y": 3963.5
        },
        "trainstation1": {
            "name": "火车站",
            "icon": "火车站",
            "tag": "火车站",
            "x": 596.5,
            "y": 932
        },
        "房车固定刷新点1": {
            "name": "房车固定刷新点",
            "icon": "房车固定刷新点",
            "tag": "房车固定刷新点",
            "x": 3691,
            "y": 3332
        },
        "房车固定刷新点2": {
            "name": "房车固定刷新点",
            "icon": "房车固定刷新点",
            "tag": "房车固定刷新点",
            "x": 300.75,
            "y": 3932
        },
        "多类型刷新点（随机车辆）1": {
            "name": "(跑车)随机车辆刷新点",
            "icon": "随机车辆刷新点",
            "tag": "随机车辆刷新点",
            "x": 2419.5,
            "y": 1790.25
        },
        "多类型刷新点（随机车辆）2": {
            "name": "(警车)随机车辆刷新点",
            "icon": "随机车辆刷新点",
            "tag": "随机车辆刷新点",
            "x": 762.75,
            "y": 3418
        },
        "多类型刷新点（随机车辆）3": {
            "name": "(装甲车、跑车)随机车辆刷新点",
            "icon": "随机车辆刷新点",
            "tag": "随机车辆刷新点",
            "x": 2413.5,
            "y": 2060.5
        },
        "多类型刷新点（随机车辆）4": {
            "name": "(装甲车)随机车辆刷新点",
            "icon": "随机车辆刷新点",
            "tag": "随机车辆刷新点",
            "x": 2514,
            "y": 2066.5
        },
        "多类型刷新点（随机车辆）5": {
            "name": "随机车辆刷新点",
            "icon": "随机车辆刷新点",
            "tag": "随机车辆刷新点",
            "x": 2366,
            "y": 2030.5
        },
        "多类型刷新点（随机车辆）6": {
            "name": "(装甲车、跑车)随机车辆刷新点",
            "icon": "随机车辆刷新点",
            "tag": "随机车辆刷新点",
            "x": 2365.5,
            "y": 2043
        },
        "多类型刷新点（随机车辆）7": {
            "name": "随机车辆刷新点",
            "icon": "随机车辆刷新点",
            "tag": "随机车辆刷新点",
            "x": 2071.5,
            "y": 2092.5
        },
        "多类型刷新点（随机车辆）8": {
            "name": "随机车辆刷新点",
            "icon": "随机车辆刷新点",
            "tag": "随机车辆刷新点",
            "x": 1575,
            "y": 3229
        },
        "多类型刷新点（随机车辆）9": {
            "name": "随机车辆刷新点",
            "icon": "随机车辆刷新点",
            "tag": "随机车辆刷新点",
            "x": 2889.5,
            "y": 3358.5
        },
        "多类型刷新点（随机车辆）10": {
            "name": "随机车辆刷新点",
            "icon": "随机车辆刷新点",
            "tag": "随机车辆刷新点",
            "x": 2835,
            "y": 3381
        },
        "多类型刷新点（随机车辆）11": {
            "name": "随机车辆刷新点",
            "icon": "随机车辆刷新点",
            "tag": "随机车辆刷新点",
            "x": 3818.25,
            "y": 3485.5
        },
        "多类型刷新点（随机车辆）12": {
            "name": "随机车辆刷新点",
            "icon": "随机车辆刷新点",
            "tag": "随机车辆刷新点",
            "x": 3231,
            "y": 2759.75
        },
        "多类型刷新点（随机车辆）13": {
            "name": "随机车辆刷新点",
            "icon": "随机车辆刷新点",
            "tag": "随机车辆刷新点",
            "x": 1745,
            "y": 1186
        },
        "多类型刷新点（随机车辆）14": {
            "name": "随机车辆刷新点",
            "icon": "随机车辆刷新点",
            "tag": "随机车辆刷新点",
            "x": 670,
            "y": 854.75
        },
        "多类型刷新点（随机车辆）15": {
            "name": "随机车辆刷新点",
            "icon": "随机车辆刷新点",
            "tag": "随机车辆刷新点",
            "x": 498.75,
            "y": 785
        },
        "多类型刷新点（随机车辆）16": {
            "name": "随机车辆刷新点",
            "icon": "随机车辆刷新点",
            "tag": "随机车辆刷新点",
            "x": 1102,
            "y": 345
        },
        "多类型刷新点（随机车辆）17": {
            "name": "随机车辆刷新点",
            "icon": "随机车辆刷新点",
            "tag": "随机车辆刷新点",
            "x": 1192.75,
            "y": 458
        },
        "多类型刷新点（随机车辆）18": {
            "name": "随机车辆刷新点",
            "icon": "随机车辆刷新点",
            "tag": "随机车辆刷新点",
            "x": 1165.5,
            "y": 876.5
        },
        "多类型刷新点（随机车辆）19": {
            "name": "随机车辆刷新点",
            "icon": "随机车辆刷新点",
            "tag": "随机车辆刷新点",
            "x": 366.5,
            "y": 1861.25
        },
        "多类型刷新点（随机车辆）20": {
            "name": "随机车辆刷新点",
            "icon": "随机车辆刷新点",
            "tag": "随机车辆刷新点",
            "x": 484,
            "y": 2043
        },
        "多类型刷新点（随机车辆）21": {
            "name": "随机车辆刷新点",
            "icon": "随机车辆刷新点",
            "tag": "随机车辆刷新点",
            "x": 460,
            "y": 2248
        },
        "多类型刷新点（随机车辆）22": {
            "name": "随机车辆刷新点",
            "icon": "随机车辆刷新点",
            "tag": "随机车辆刷新点",
            "x": 1151.75,
            "y": 2721.5
        },
        "多类型刷新点（随机车辆）23": {
            "name": "随机车辆刷新点",
            "icon": "随机车辆刷新点",
            "tag": "随机车辆刷新点",
            "x": 1568.25,
            "y": 2728.5
        },
        "多类型刷新点（随机车辆）24": {
            "name": "随机车辆刷新点",
            "icon": "随机车辆刷新点",
            "tag": "随机车辆刷新点",
            "x": 780,
            "y": 3034.25
        },
        "多类型刷新点（随机车辆）25": {
            "name": "随机车辆刷新点",
            "icon": "随机车辆刷新点",
            "tag": "随机车辆刷新点",
            "x": 717.5,
            "y": 2987.5
        },
        "多类型刷新点（随机车辆）26": {
            "name": "随机车辆刷新点",
            "icon": "随机车辆刷新点",
            "tag": "随机车辆刷新点",
            "x": 310.25,
            "y": 3226.75
        },
        "多类型刷新点（随机车辆）27": {
            "name": "随机车辆刷新点",
            "icon": "随机车辆刷新点",
            "tag": "随机车辆刷新点",
            "x": 277.5,
            "y": 3950.75
        },
        "多类型刷新点（随机车辆）28": {
            "name": "(跑车)随机车辆刷新点",
            "icon": "随机车辆刷新点",
            "tag": "随机车辆刷新点",
            "x": 2123.5,
            "y": 1937
        },
        "多类型刷新点（随机车辆）29": {
            "name": "(跑车)随机车辆刷新点",
            "icon": "随机车辆刷新点",
            "tag": "随机车辆刷新点",
            "x": 2213.5,
            "y": 1949.5
        },
        "多类型刷新点（随机车辆）30": {
            "name": "(装甲车)随机车辆刷新点",
            "icon": "随机车辆刷新点",
            "tag": "随机车辆刷新点",
            "x": 1850,
            "y": 1950.5
        },
        "多类型刷新点（随机车辆）31": {
            "name": "(装甲车)随机车辆刷新点",
            "icon": "随机车辆刷新点",
            "tag": "随机车辆刷新点",
            "x": 1562.5,
            "y": 643.5
        },
        "多类型刷新点（随机车辆）32": {
            "name": "随机车辆刷新点",
            "icon": "随机车辆刷新点",
            "tag": "随机车辆刷新点",
            "x": 813,
            "y": 3876.5
        },
        "多类型刷新点（随机车辆）33": {
            "name": "随机车辆刷新点",
            "icon": "随机车辆刷新点",
            "tag": "随机车辆刷新点",
            "x": 1608,
            "y": 4034.25
        },
        "多类型刷新点（随机车辆）34": {
            "name": "随机车辆刷新点",
            "icon": "随机车辆刷新点",
            "tag": "随机车辆刷新点",
            "x": 1550.375,
            "y": 3756.25
        },
        "多类型刷新点（随机车辆）35": {
            "name": "随机车辆刷新点",
            "icon": "随机车辆刷新点",
            "tag": "随机车辆刷新点",
            "x": 1816,
            "y": 3738.5
        },
        "多类型刷新点（随机车辆）36": {
            "name": "随机车辆刷新点",
            "icon": "随机车辆刷新点",
            "tag": "随机车辆刷新点",
            "x": 1836.75,
            "y": 3663.25
        },
        "多类型刷新点（随机车辆）37": {
            "name": "随机车辆刷新点",
            "icon": "随机车辆刷新点",
            "tag": "随机车辆刷新点",
            "x": 477,
            "y": 3664
        },
        "多类型刷新点（随机车辆）38": {
            "name": "随机车辆刷新点",
            "icon": "随机车辆刷新点",
            "tag": "随机车辆刷新点",
            "x": 261.5,
            "y": 3595.5
        },
        "多类型刷新点（随机车辆）39": {
            "name": "随机车辆刷新点",
            "icon": "随机车辆刷新点",
            "tag": "随机车辆刷新点",
            "x": 1312.25,
            "y": 3559.25
        },
        "多类型刷新点（随机车辆）40": {
            "name": "随机车辆刷新点",
            "icon": "随机车辆刷新点",
            "tag": "随机车辆刷新点",
            "x": 1130.5,
            "y": 3408.375
        },
        "多类型刷新点（随机车辆）41": {
            "name": "随机车辆刷新点",
            "icon": "随机车辆刷新点",
            "tag": "随机车辆刷新点",
            "x": 974.75,
            "y": 3648.75
        },
        "多类型刷新点（随机车辆）42": {
            "name": "随机车辆刷新点",
            "icon": "随机车辆刷新点",
            "tag": "随机车辆刷新点",
            "x": 1407.125,
            "y": 3445.625
        },
        "多类型刷新点（随机车辆）43": {
            "name": "随机车辆刷新点",
            "icon": "随机车辆刷新点",
            "tag": "随机车辆刷新点",
            "x": 2314,
            "y": 2922
        },
        "多类型刷新点（随机车辆）44": {
            "name": "随机车辆刷新点",
            "icon": "随机车辆刷新点",
            "tag": "随机车辆刷新点",
            "x": 1947.25,
            "y": 1866.75
        },
        "多类型刷新点（随机车辆）45": {
            "name": "随机车辆刷新点",
            "icon": "随机车辆刷新点",
            "tag": "随机车辆刷新点",
            "x": 1909,
            "y": 1967.5
        },
        "多类型刷新点（随机车辆）46": {
            "name": "随机车辆刷新点",
            "icon": "随机车辆刷新点",
            "tag": "随机车辆刷新点",
            "x": 774.75,
            "y": 1317.25
        },
        "多类型刷新点（随机车辆）47": {
            "name": "随机车辆刷新点",
            "icon": "随机车辆刷新点",
            "tag": "随机车辆刷新点",
            "x": 919,
            "y": 2700
        },
        "多类型刷新点（随机车辆）48": {
            "name": "随机车辆刷新点",
            "icon": "随机车辆刷新点",
            "tag": "随机车辆刷新点",
            "x": 1495.25,
            "y": 3104.5
        },
        "多类型刷新点（随机车辆）49": {
            "name": "(警车)随机车辆刷新点",
            "icon": "随机车辆刷新点",
            "tag": "随机车辆刷新点",
            "x": 1789.5,
            "y": 2769.5
        },
        "多类型刷新点（随机车辆）50": {
            "name": "随机车辆刷新点",
            "icon": "随机车辆刷新点",
            "tag": "随机车辆刷新点",
            "x": 1745.5,
            "y": 2698
        },
        "多类型刷新点（随机车辆）51": {
            "name": "随机车辆刷新点",
            "icon": "随机车辆刷新点",
            "tag": "随机车辆刷新点",
            "x": 1827,
            "y": 2647
        },
        "多类型刷新点（随机车辆）52": {
            "name": "随机车辆刷新点",
            "icon": "随机车辆刷新点",
            "tag": "随机车辆刷新点",
            "x": 2424.25,
            "y": 1489.25
        },
        "多类型刷新点（随机车辆）53": {
            "name": "随机车辆刷新点",
            "icon": "随机车辆刷新点",
            "tag": "随机车辆刷新点",
            "x": 2973,
            "y": 1046
        },
        "多类型刷新点（随机车辆）54": {
            "name": "随机车辆刷新点",
            "icon": "随机车辆刷新点",
            "tag": "随机车辆刷新点",
            "x": 2942,
            "y": 973.5
        },
        "多类型刷新点（随机车辆）55": {
            "name": "随机车辆刷新点",
            "icon": "随机车辆刷新点",
            "tag": "随机车辆刷新点",
            "x": 1490,
            "y": 637
        },
        "多类型刷新点（随机车辆）56": {
            "name": "随机车辆刷新点",
            "icon": "随机车辆刷新点",
            "tag": "随机车辆刷新点",
            "x": 2438,
            "y": 3543.5
        },
        "多类型刷新点（随机车辆）57": {
            "name": "随机车辆刷新点",
            "icon": "随机车辆刷新点",
            "tag": "随机车辆刷新点",
            "x": 654,
            "y": 3861.25
        },
        "多类型刷新点（随机车辆）58": {
            "name": "随机车辆刷新点",
            "icon": "随机车辆刷新点",
            "tag": "随机车辆刷新点",
            "x": 419,
            "y": 3115
        },
        "多类型刷新点（随机车辆）59": {
            "name": "随机车辆刷新点",
            "icon": "随机车辆刷新点",
            "tag": "随机车辆刷新点",
            "x": 1362.247803,
            "y": 2667.500148
        },
        "多类型刷新点（随机车辆）60": {
            "name": "随机车辆刷新点",
            "icon": "随机车辆刷新点",
            "tag": "随机车辆刷新点",
            "x": 468.75,
            "y": 3494.75
        },
        "多类型刷新点（随机车辆）61": {
            "name": "随机车辆刷新点",
            "icon": "随机车辆刷新点",
            "tag": "随机车辆刷新点",
            "x": 1307.5,
            "y": 3873.5
        },
        "多类型刷新点（随机车辆）62": {
            "name": "随机车辆刷新点",
            "icon": "随机车辆刷新点",
            "tag": "随机车辆刷新点",
            "x": 1306.75,
            "y": 3477.25
        },
        "多类型刷新点（随机车辆）63": {
            "name": "随机车辆刷新点",
            "icon": "随机车辆刷新点",
            "tag": "随机车辆刷新点",
            "x": 2240.5,
            "y": 2900
        },
        "多类型刷新点（随机车辆）64": {
            "name": "随机车辆刷新点",
            "icon": "随机车辆刷新点",
            "tag": "随机车辆刷新点",
            "x": 1595,
            "y": 2457
        },
        "多类型刷新点（随机车辆）65": {
            "name": "随机车辆刷新点",
            "icon": "随机车辆刷新点",
            "tag": "随机车辆刷新点",
            "x": 3517,
            "y": 3200.5
        },
        "多类型刷新点（随机车辆）66": {
            "name": "随机车辆刷新点",
            "icon": "随机车辆刷新点",
            "tag": "随机车辆刷新点",
            "x": 3950.5,
            "y": 3474
        },
        "多类型刷新点（随机车辆）67": {
            "name": "随机车辆刷新点",
            "icon": "随机车辆刷新点",
            "tag": "随机车辆刷新点",
            "x": 3707,
            "y": 2590.5
        },
        "多类型刷新点（随机车辆）68": {
            "name": "随机车辆刷新点",
            "icon": "随机车辆刷新点",
            "tag": "随机车辆刷新点",
            "x": 3866,
            "y": 2675
        },
        "多类型刷新点（随机车辆）69": {
            "name": "随机车辆刷新点",
            "icon": "随机车辆刷新点",
            "tag": "随机车辆刷新点",
            "x": 2017,
            "y": 851.5
        },
        "多类型刷新点（随机车辆）70": {
            "name": "随机车辆刷新点",
            "icon": "随机车辆刷新点",
            "tag": "随机车辆刷新点",
            "x": 2941.5,
            "y": 134
            
            
            
            
            
            
            
            
            
            
            
            
            
            
            
            
        
        },
        "前哨站1": {
            "name": "前哨站",
            "icon": "前哨站",
            "tag": "前哨站",
            "x": 406.5,
            "y": 4035.25
        },
        "前哨站2": {
            "name": "前哨站",
            "icon": "前哨站",
            "tag": "前哨站",
            "x": 3756.25,
            "y": 2535.5
        },
        "前哨站3": {
            "name": "前哨站",
            "icon": "前哨站",
            "tag": "前哨站",
            "x": 1146.5,
            "y": 2701
        },
        "前哨站4": {
            "name": "前哨站",
            "icon": "前哨站",
            "tag": "前哨站",
            "x": 1726,
            "y": 1231
        },
        "前哨站5": {
            "name": "前哨站",
            "icon": "前哨站",
            "tag": "前哨站",
            "x": 1655,
            "y": 1736
        },
        "前哨站6": {
            "name": "前哨站",
            "icon": "前哨站",
            "tag": "前哨站",
            "x": 767.5,
            "y": 3421.25
        },
        "前哨站7": {
            "name": "前哨站",
            "icon": "前哨站",
            "tag": "前哨站",
            "x": 3955.75,
            "y": 3485.5
        },
        "前哨站8": {
            "name": "前哨站",
            "icon": "前哨站",
            "tag": "前哨站",
            "x": 2093.503342,
            "y": 2096.300061
        },
        "大型强盗营地1": {
            "name": "大型强盗营地",
            "icon": "大型强盗营地",
            "tag": "大型强盗营地",
            "x": 2013.5,
            "y": 2658
        },
        "矿物1": {
            "name": "矿物",
            "icon": "矿物",
            "tag": "矿物",
            "x": 344.75,
            "y": 3219.0625
        },
        "矿物2": {
            "name": "矿物",
            "icon": "矿物",
            "tag": "矿物",
            "x": 347.75,
            "y": 3247.5
        },
        "矿物3": {
            "name": "矿物",
            "icon": "矿物",
            "tag": "矿物",
            "x": 279.5,
            "y": 3586
        },
        "矿物4": {
            "name": "矿物",
            "icon": "矿物",
            "tag": "矿物",
            "x": 736.25,
            "y": 3458.75
        },
        "矿物7": {
            "name": "矿物",
            "icon": "矿物",
            "tag": "矿物",
            "x": 351.625,
            "y": 3986.4375
        },
        "矿物8": {
            "name": "矿物",
            "icon": "矿物",
            "tag": "矿物",
            "x": 344.75,
            "y": 3986.0625
        },
        "矿物9": {
            "name": "矿物",
            "icon": "矿物",
            "tag": "矿物",
            "x": 631.25,
            "y": 3918.25
        },
        "矿物10": {
            "name": "矿物",
            "icon": "矿物",
            "tag": "矿物",
            "x": 668.5,
            "y": 3921.75
        },
        "矿物11": {
            "name": "矿物",
            "icon": "矿物",
            "tag": "矿物",
            "x": 1881.75,
            "y": 3755.75
        },
        "矿物12": {
            "name": "矿物",
            "icon": "矿物",
            "tag": "矿物",
            "x": 1925.75,
            "y": 3751
        },
        "矿物13": {
            "name": "矿物",
            "icon": "矿物",
            "tag": "矿物",
            "x": 1903.75,
            "y": 3660.75
        },
        "矿物14": {
            "name": "矿物",
            "icon": "矿物",
            "tag": "矿物",
            "x": 1322,
            "y": 2809
        },
        "矿物15": {
            "name": "矿物",
            "icon": "矿物",
            "tag": "矿物",
            "x": 1155.5,
            "y": 2678
        },
        "矿物16": {
            "name": "矿物",
            "icon": "矿物",
            "tag": "矿物",
            "x": 3598,
            "y": 2661.5
        },
        "矿物17": {
            "name": "矿物",
            "icon": "矿物",
            "tag": "矿物",
            "x": 3602,
            "y": 2608
        },
        "矿物18": {
            "name": "矿物",
            "icon": "矿物",
            "tag": "矿物",
            "x": 489,
            "y": 1077
        },
        "矿物19": {
            "name": "矿物",
            "icon": "矿物",
            "tag": "矿物",
            "x": 236.25,
            "y": 3921.5
        },
        "矿物20": {
            "name": "矿物",
            "icon": "矿物",
            "tag": "矿物",
            "x": 192.75,
            "y": 3867
        },
        "矿物21": {
            "name": "矿物",
            "icon": "矿物",
            "tag": "矿物",
            "x": 254.125,
            "y": 3834.375
        },
        "矿物22": {
            "name": "矿物",
            "icon": "矿物",
            "tag": "矿物",
            "x": 203.125,
            "y": 3805.5
        },
        "矿物23": {
            "name": "矿物",
            "icon": "矿物",
            "tag": "矿物",
            "x": 337.75,
            "y": 3256
        },
        "矿物24": {
            "name": "矿物",
            "icon": "矿物",
            "tag": "矿物",
            "x": 358.625,
            "y": 3248.375
        },
        "矿物25": {
            "name": "矿物",
            "icon": "矿物",
            "tag": "矿物",
            "x": 772.5,
            "y": 3454.5
        },
        "矿物26": {
            "name": "矿物",
            "icon": "矿物",
            "tag": "矿物",
            "x": 792.5,
            "y": 3459.25
        },
        "矿物27": {
            "name": "矿物",
            "icon": "矿物",
            "tag": "矿物",
            "x": 803.375,
            "y": 3431.25
        },
        "矿物28": {
            "name": "矿物",
            "icon": "矿物",
            "tag": "矿物",
            "x": 728,
            "y": 3911
        },
        "矿物29": {
            "name": "矿物",
            "icon": "矿物",
            "tag": "矿物",
            "x": 825,
            "y": 3831.75
        },
        "矿物30": {
            "name": "矿物",
            "icon": "矿物",
            "tag": "矿物",
            "x": 855.75,
            "y": 3846.5
        },
        "矿物31": {
            "name": "矿物",
            "icon": "矿物",
            "tag": "矿物",
            "x": 1552.75,
            "y": 648.25
            
        }
    }
}
